id,name,price,shoe_size,descrition,available,categories,item_picture
1,Ulmus Carbon Fiber Toe,$94.95 ,39,,,SKECHERS Work,
2,Stride,$49.98 ,42,,,Shoes for Crews,
3,Drivetrain Composite Safety Toe,$121.99 ,41,,,Timberland PRO,
4,Onyx 3" Hot,$119.95 ,39,,,Danner,
5,All Terrain Work,$94.99 ,39,,,Reebok Work,
6,Amherst II CarbonMAX Work Shoe,$81.00 ,39,,,Wolverine,
7,Trailgrip Work Alloy Toe EH,$104.99 ,42,,,Reebok Work,
8,MID589v1,$104.95 ,40,,,New Balance,
9,Streamline CompToe,$121.99 ,39,,,Caterpillar,
10,N2121 Composite Toe EH Waterproof,$99.99 ,39,,,Nautilus Safety Footwear,
11,Sublite Cushion Work - RB4143 Alloy Toe EH,$124.99 ,39,,,Reebok Work,
12,Day One Safety Sublite Legend EH Comp Toe,$114.00 ,43,,,Reebok Work,
13,Astroride Work,$79.99 ,42,,,Reebok Work,
14,N2000,$99.99 ,41,,,Nautilus Safety Footwear,
15,N2501,$89.99 ,43,,,Nautilus Safety Footwear,
16,Run Time NMT Composite Toe EH,$119.95 ,42,,,Danner,
17,N1310,$99.99 ,39,,,Nautilus Safety Footwear,
18,Rugged At Athletic Comp,$140.00 ,41,,,Rocky,
19,Zprint Work,$104.99 ,42,,,Reebok Work,
20,Express,$84.00 ,41,,,Hoss,
21,Baxter Knit,$54.95 ,43,,,Dr. Scholl's Work,
22,LKT 1 Composite Toe Hiker,$109.99 ,41,,,Kodiak,
23,Lites Athletic,$134.99 ,41,,,Terra,
24,Urban Assault Low,$119.99 ,39,,,Altama,
25,Monster SR Bulcks,$84.95 ,41,,,SKECHERS Work,
26,Rev Durashocks Ultraspring Oxford CarbonMAX,$130.00 ,40,,,Wolverine,
27,N1611,$84.99 ,41,,,Nautilus Safety Footwear,
28,1SIX8 Mesh AC+ Pro,$99.95 ,39,,,Merrell Work,
29,Force 3" Oxford Nano Composite Toe,$134.99 ,39,,,Carhartt,
30,Sublite Cushion Work Comp Toe EH,$99.99 ,43,,,Reebok Work,
31,Freestyle II,$39.98 ,39,,,Shoes for Crews,
32,Azbar Comp Toe,$89.95 ,41,,,SKECHERS Work,
33,Ramble Composite Toe,$84.99 ,43,,,Kodiak,
34,Accelerator Blue Carbon Toe SD10 - 1344,$99.99 ,43,,,Nautilus Safety Footwear,
35,Arch Fit SR - Xantic,$89.95 ,39,,,SKECHERS Work,
36,Nisswa Oxford Aluminum Toe 83120,$114.95 ,43,,,Irish Setter,
37,Rebound CT,$121.99 ,40,,,Terra,
38,Monster,$59.95 ,40,,,Dr. Scholl's Work,
39,Sublite Cushion Work Alloy Toe EH Slip On,$99.99 ,40,,,Reebok Work,
40,Bomal Comp Toe,$79.95 ,42,,,SKECHERS Work,
41,Print Work ULTK,$121.99 ,42,,,Reebok Work,
42,Black Belt 3" ESD NMT,$159.95 ,39,,,Danner,
43,Arch Fit SR - Tineid,$74.95 ,39,,,SKECHERS Work,
44,Stratus Grey Composite Toe EH - 1901,$94.99 ,40,,,Nautilus Safety Footwear,
45,Evolution II,$67.98 ,41,,,Shoes for Crews,
46,Monolift Athletic CT,$109.99 ,43,,,Terra,
47,Stratus Alloy Toe SD10 Athletic - 1911,$99.99 ,39,,,Nautilus Safety Footwear,
48,Saloon II,$57.98 ,41,,,Shoes for Crews,
49,Drivetrain SD35 Mid Composite Safety Toe SD,$114.95 ,43,,,Timberland PRO,
50,Sublite Cushion Work Comp Toe ESD,$121.99 ,41,,,Reebok Work,
51,N2426,$99.99 ,42,,,Nautilus Safety Footwear,
52,Day One Safety - Comp Toe,$114.99 ,41,,,Carhartt,
53,Skech-Air SR Chamness,$84.95 ,40,,,SKECHERS Work,
54,Lightweight Low Waterproof Work Hiker Non-Safety,$107.81 ,42,,,Carhartt,
55,Ketia,$114.99 ,40,,,Reebok Work,
56,City Runner Knit,$104.98 ,42,,,MOZO,
57,Shale Low CT ESD,$110.00 ,40,,,Bogs,
58,Urban Assault Low,$119.99 ,43,,,Altama,
59,ReFLX Comp Toe,$94.99 ,39,,,Georgia Boot,
60,Lightweight Low Waterproof Work Hiker Carbon Nano Composite Toe,$134.99 ,40,,,Carhartt,
61,Defender Low,$74.98 ,42,,,ACE Work Boots,
62,Lites Athletic,$134.99 ,39,,,Terra,
63,Powertrain Sport Alloy Safety Toe Internal Met Guard,$119.95 ,41,,,Timberland PRO,
64,Reaxion Composite Safety Toe SD35,$124.95 ,41,,,Timberland PRO,
65,Powertrain Sport Slip-On Alloy Safety Toe SD+,$107.95 ,42,,,Timberland PRO,
66,Sublite Work Soft Toe,$106.00 ,43,,,Reebok Work,
67,Max Cushioning ELITE SR – Indurite Alloy Toe,$99.95 ,39,,,SKECHERS Work,
68,N1570,$109.99 ,43,,,Nautilus Safety Footwear,
69,Heckler Nano,$124.99 ,42,,,Reebok Work,
70,N1345 Carbon Nanofiber Safety Toe SD,$99.99 ,40,,,Nautilus Safety Footwear,
71,Moab Onset Waterproof Composite Toe,$119.95 ,41,,,Merrell Work,
72,Sparta Aluminum Toe,$109.95 ,43,,,Keen Utility,
73,Atlanta II Cooler,$124.95 ,42,,,Keen Utility,
74,Seeley Work,$82.95 ,42,,,Propet,
75,2" Trailblade Comp EH WP Non Metallic,$125.00 ,43,,,Rocky,
76,Adventure SD Steel Toe,$136.00 ,41,,,Florsheim Work,
77,Shale Low CT ESD,$110.00 ,42,,,Bogs,
78,Condor,$47.98 ,39,,,Shoes for Crews,
79,Zephyr Alloy Toe SD10 Athletic - 1312,$99.99 ,41,,,Nautilus Safety Footwear,
80,Powertrain Alloy Safety Toe ESD,$99.95 ,40,,,Timberland PRO,
81,Sublite Cushion Tactical Mid-Cut Soft Toe EH,$99.99 ,42,,,Reebok Work,
82,Atlanta Cool II (Steel Toe),$134.95 ,41,,,Keen Utility,
83,Stratus Black Composite Toe EH - 1902,$94.99 ,41,,,Nautilus Safety Footwear,
84,Fuse Motion Composite Toe SD,$99.95 ,43,,,PUMA Safety,
85,Atlanta II Cooler+,$129.95 ,43,,,Keen Utility,
86,N1002,$109.99 ,43,,,Nautilus Safety Footwear,
87,Moab Vertex Vent Composite Toe,$129.95 ,39,,,Merrell Work,
88,Crosstrex Oxford Waterproof Comp Toe,$95.00 ,42,,,Thorogood,
89,Run Time NMT Composite Toe ESD,$129.95 ,42,,,Danner,
90,Sprint Suede Alloy Toe,$114.95 ,41,,,Caterpillar,
91,Urban Assault Low,$109.99 ,40,,,Altama,
92,Defender Mid,$79.98 ,41,,,ACE Work Boots,
93,Moab Rover Moc CT,$77.99 ,43,,,Merrell Work,
94,N1900 Composite Toe,$94.99 ,40,,,Nautilus Safety Footwear,
95,Elevate Composite Toe SD,$110.00 ,41,,,PUMA Safety,
96,Windoc FST ST,$104.95 ,39,,,Merrell Work,
97,Flint II (Soft Toe),$124.95 ,43,,,Keen Utility,
98,N2102 Steel Toe,$69.99 ,40,,,Nautilus Safety Footwear,
99,Crosstrex 6" Waterproof 400GR Insulation Non Safety,$75.99 ,39,,,Thorogood,
100,Malad Comp Toe,$89.95 ,43,,,SKECHERS Work,
101,Cater II,$56.98 ,43,,,Shoes for Crews,
102,Rebound CT,$99.99 ,43,,,Terra,
103,Cessnock Colleton,$64.95 ,40,,,SKECHERS Work,
104,Drivetrain Composite Safety Toe EH,$114.95 ,42,,,Timberland PRO,
105,Full Court Basketball,$90.00 ,43,,,Hoss,
106,Telfin - Rieg Composite Toe,$99.95 ,40,,,SKECHERS Work,
107,Vista Energy ESD,$124.95 ,39,,,Keen Utility,
108,Fullbench Superlite Alloy Toe,$89.95 ,41,,,Merrell Work,
109,LKT1 Composite Toe Hiker,$112.99 ,43,,,Kodiak,
110,Rush 2.0 Composite Toe SD,$104.95 ,43,,,PUMA Safety,
111,Sublite Work,$120.00 ,43,,,Reebok Work,
112,Elite SR-Rytas,$79.95 ,39,,,SKECHERS Work,
113,Crosstrex Mid Waterproof Non Safety,$95.00 ,41,,,Thorogood,
114,Dirvetrain NT,$134.95 ,40,,,Timberland PRO,
115,Rim Fly,$90.00 ,42,,,Hoss,
116,Astroride Strike,$116.00 ,42,,,Reebok Work,
117,Ramble Composite Toe SD+,$55.20 ,43,,,Kodiak,
118,Woodward Steel Toe,$94.95 ,42,,,Caterpillar,
119,Atlanta Cool II ESD (Soft Toe),$134.95 ,41,,,Keen Utility,
120,Ridgework Composite Safety Toe Low,$135.00 ,39,,,Timberland PRO,
121,Vista Energy,$119.95 ,43,,,Keen Utility,
122,Monster Comp Toe,$89.95 ,39,,,SKECHERS Work,
123,Nisswa Oxford Aluminum Toe 83118,$114.95 ,40,,,Irish Setter,
124,Streamline ESD Composite Toe,$124.95 ,42,,,Caterpillar,
125,Synergy Omat,$89.95 ,42,,,SKECHERS Work,
126,Day One Safety - Soft Toe,$109.99 ,42,,,Carhartt,
127,Bolt Alloy Toe,$114.95 ,43,,,Caterpillar,
128,Flint II Waterproof (Steel Toe),$139.95 ,41,,,Keen Utility,
129,589 ESD,$109.99 ,43,,,New Balance,
130,Sparta ESD,$114.95 ,42,,,Keen Utility,
131,Walker,$64.98 ,40,,,Shoes for Crews,
132,Endurance II,$59.98 ,43,,,Shoes for Crews,
133,Pacer 2.0 CT,$119.99 ,42,,,Terra,
134,Day One Safety Drivetrain Low Composite Safety Toe,$115.00 ,43,,,Timberland PRO,
135,Moab 2 Tactical,$109.95 ,40,,,Merrell Work,
136,Sprint Textile Alloy Toe,$114.95 ,39,,,Caterpillar,
137,Bridgetown - Textile AT,$89.98 ,39,,,Shoes for Crews,
138,Entree II,$52.98 ,43,,,Shoes for Crews,
139,Atlanta Cool II ESD (Steel Toe),$139.95 ,41,,,Keen Utility,
140,Flint II (Steel Toe),$129.95 ,41,,,Keen Utility,
141,Rush Mid,$65.99 ,43,,,Bates Footwear,
142,Detroit XT Int. Met Steel Toe,$154.95 ,43,,,Keen Utility,
143,Defender Mid NCT,$89.98 ,43,,,ACE Work Boots,
144,Sparks,$90.00 ,41,,,Hoss,
145,Sublite Cushion Tactical Soft Toe EH,$94.99 ,40,,,Reebok Work,
146,TruFlex Fly Composite Toe,$104.99 ,41,,,Rockport Works,
147,Trailgrip Work,$104.99 ,39,,,Reebok Work,
148,N1502,$119.99 ,41,,,Nautilus Safety Footwear,
149,N4611 Soft Toe SD10,$94.99 ,43,,,Nautilus Safety Footwear,
150,Xelerate,$110.00 ,41,,,PUMA Safety,
151,Sprint Mesh Moc Alloy Toe,$109.95 ,39,,,Caterpillar,
152,Crosstrex Side Zip Mid Waterproof Comp Toe Polished,$120.00 ,39,,,Thorogood,
153,Passage Composite Toe,$99.95 ,43,,,Caterpillar,
154,Lytning 1.9 Comp Toe,$99.00 ,43,,,Carolina,
155,Bolt Alloy Toe,$114.95 ,41,,,Caterpillar,
156,Sparta Aluminum Toe EH,$109.95 ,41,,,Keen Utility,
157,Rush Patrol,$99.95 ,43,,,Bates Footwear,
158,Norris Sneaker,$99.99 ,39,,,5.11 Tactical,
159,Fusion Flexweave™ Work Composite Toe,$124.99 ,41,,,Reebok Work,
160,Flexagon 3.0 Work Comp Toe EH,$113.00 ,42,,,Reebok Work,
161,ASR 6" Mid Cut Boot (Non-Safety),$90.00 ,42,,,Thorogood,
162,Powertrain Sport Alloy Safety Toe EH,$103.95 ,43,,,Timberland PRO,
163,Rush Low,$99.95 ,41,,,Bates Footwear,
164,Flint II Sport Carbon Fiber Toe,$139.95 ,40,,,Keen Utility,
